{
	"schemaVersion": 1,
	"id": "corozal",
	"version": "${version}",
	"name": "Corozal",
	"description": "This is an example description! Tell everyone what your mod is about!",
	"authors": [
		"Me!"
	],
	"contact": {
		"homepage": "https://fabricmc.net/",
		"sources": "https://github.com/FabricMC/fabric-example-mod"
	},
	"license": "CC0-1.0",
	"icon": "assets/corozal/icon.png",
	"environment": "*",
	"entrypoints": {
		"main": [
			"corozal.Corozal"
		],
		"client": [
			"corozal.CorozalClient"
		],
		"fabric-datagen": [
			"corozal.CorozalDataGenerator"
		]
	},
	"mixins": [
		"corozal.mixins.json",
		{
			"config": "corozal.client.mixins.json",
			"environment": "client"
		}
	],
	"depends": {
		"fabricloader": ">=0.18.4",
		"minecraft": "~1.21.11",
		"java": ">=21",
		"fabric-api": "*"
	}
}